<?xml version="1.0" encoding="UTF-8" ?><_ROOT_  UseEstimates="N" NetworkArchitecture="MLP" DirectConnection="N" Hidden="4" Prelim="Y"
 PreliminaryRuns="5" PrelimMaxiter="10" PrelimMaxTime="1 HOUR" Maxiter="100" Maxtime="4 HOURS"
 TrainingTechnique="DEFAULT" ConvDefaults="Y" AbsConvValue="-1.34078E154" AbsFValue="0"
 AbsFTime="1" AbsGValue="0.00001" AbsGTime="1" AbsXValue="1E-8" AbsXTime="1" FConvValue="0"
 FConvTime="1" GConvValue="1E-6" GConvTime="1" ModelSelectionCriterion="PROFIT/LOSS"
 SuppressOutput="N" Residuals="Y" Standardizations="N" HiddenUnits="N" TrainCode=""
 PrelimOutest="" Outest="" Outfit="" InitialDs="" CodefileRes="" CodefileNoRes=""
 AddHidden="Y" HiddenCombFunction="DEFAULT" HiddenActivation="DEFAULT" HiddenBias="Y"
 TargetCombFunction="DEFAULT" TargetActivation="DEFAULT" TargetError="DEFAULT" TargetBias="Y"
 InitialSeed="12345" RandDist="NORMAL" RandScale="0.1" RandLoc="0" InputStandardization="STD"
 WeightDecay="0" Accelerate="1.2" Decelerate="0.5" Learn="0.1" MaxLearn="50" MinLearn="0.00001"
 Momentum="0" MaxMomentum="1.75" Tilt="0" ForceRun="N" RunAction="Train" Component="NeuralNetwork"
 RawCreateTime="2029076964.3" CreateTime="18APR2024:16:29:24" RunId="1b5a3ec9-cb99-46bd-a8c1-671953e563b2"
>
<VARIABLEPROPERTIES/>
<FILEPROPERTIES ><![CDATA[
EMNOTES
]]>
</FILEPROPERTIES><EMTARGETATTRIBUTES >
<ATTRITION >
<DECDATA  Table="EMWS1.Neural5_Attrition_DD">
<DATA >
<OBS  ATTRITION="VOLUNTARY RESIGNATION" COUNT="1767" DATAPRIOR="0.1613993423" TRAINPRIOR="0.1613993423"
 DECPRIOR="." DECISION1="1" DECISION2="0"/>
<OBS  ATTRITION="CURRENT EMPLOYEE" COUNT="9181" DATAPRIOR="0.8386006577" TRAINPRIOR="0.8386006577"
 DECPRIOR="." DECISION1="0" DECISION2="1"/>
</DATA>
<METADATA >
<VARIABLE  NAME="Attrition" LABEL="" LENGTH="32" FORMAT="" TYPE="C"/>
<VARIABLE  NAME="COUNT" LABEL="Level Counts" LENGTH="8" FORMAT="" TYPE="N"/>
<VARIABLE  NAME="DATAPRIOR" LABEL="Data Proportions" LENGTH="8" FORMAT="" TYPE="N"/>
<VARIABLE  NAME="TRAINPRIOR" LABEL="Training Proportions" LENGTH="8" FORMAT="" TYPE="N"/>
<VARIABLE  NAME="DECPRIOR" LABEL="Decision Priors" LENGTH="8" FORMAT="" TYPE="N"/>
<VARIABLE  NAME="DECISION1" LABEL="VOLUNTARY RESIGNATION" LENGTH="8" FORMAT="" TYPE="N"/>
<VARIABLE  NAME="DECISION2" LABEL="CURRENT EMPLOYEE" LENGTH="8" FORMAT="" TYPE="N"/>
</METADATA>
</DECDATA>
<DECMETA  Table="EMWS1.Neural5_Attrition_DM">
<DATA >
<OBS  _TYPE_="MATRIX" VARIABLE="" LABEL="" LEVEL="PROFIT" EVENT="" ORDER="" FORMAT="" TYPE=""
 COST="" USE="N"/>
<OBS  _TYPE_="TARGET" VARIABLE="Attrition" LABEL="Attrition" LEVEL="BINARY" EVENT="VOLUNTARY RESIGNATION"
 ORDER="" FORMAT="$21." TYPE="C" COST="" USE=""/>
<OBS  _TYPE_="DECISION" VARIABLE="DECISION1" LABEL="VOLUNTARY RESIGNATION" LEVEL="" EVENT=""
 ORDER="" FORMAT="" TYPE="N" COST="" USE="Y"/>
<OBS  _TYPE_="DECISION" VARIABLE="DECISION2" LABEL="CURRENT EMPLOYEE" LEVEL="" EVENT=""
 ORDER="" FORMAT="" TYPE="N" COST="" USE="Y"/>
<OBS  _TYPE_="DATAPRIOR" VARIABLE="DATAPRIOR" LABEL="Data Prior" LEVEL="" EVENT="" ORDER=""
 FORMAT="" TYPE="N" COST="" USE="N"/>
<OBS  _TYPE_="TRAINPRIOR" VARIABLE="TRAINPRIOR" LABEL="Training Prior" LEVEL="" EVENT=""
 ORDER="" FORMAT="" TYPE="N" COST="" USE="N"/>
<OBS  _TYPE_="DECPRIOR" VARIABLE="DECPRIOR" LABEL="Decision Prior" LEVEL="" EVENT="" ORDER=""
 FORMAT="" TYPE="N" COST="" USE="N"/>
<OBS  _TYPE_="PREDICTED" VARIABLE="P_AttritionVoluntary_Resignation" LABEL="Predicted: Attrition=Voluntary Resignation"
 LEVEL="VOLUNTARY RESIGNATION" EVENT="" ORDER="" FORMAT="" TYPE="N" COST="" USE=""
/>
<OBS  _TYPE_="RESIDUAL" VARIABLE="R_AttritionVoluntary_Resignation" LABEL="Residual: Attrition=Voluntary Resignation"
 LEVEL="VOLUNTARY RESIGNATION" EVENT="" ORDER="" FORMAT="" TYPE="N" COST="" USE=""
/>
<OBS  _TYPE_="PREDICTED" VARIABLE="P_AttritionCurrent_employee" LABEL="Predicted: Attrition=Current employee"
 LEVEL="CURRENT EMPLOYEE" EVENT="" ORDER="" FORMAT="" TYPE="N" COST="" USE=""/>
<OBS  _TYPE_="RESIDUAL" VARIABLE="R_AttritionCurrent_employee" LABEL="Residual: Attrition=Current employee"
 LEVEL="CURRENT EMPLOYEE" EVENT="" ORDER="" FORMAT="" TYPE="N" COST="" USE=""/>
<OBS  _TYPE_="FROM" VARIABLE="F_Attrition" LABEL="From: Attrition" LEVEL="" EVENT="" ORDER=""
 FORMAT="" TYPE="C" COST="" USE=""/>
<OBS  _TYPE_="INTO" VARIABLE="I_Attrition" LABEL="Into: Attrition" LEVEL="" EVENT="" ORDER=""
 FORMAT="" TYPE="C" COST="" USE=""/>
</DATA>
<METADATA >
<VARIABLE  NAME="_TYPE_" LABEL="Type" LENGTH="32" FORMAT="" TYPE="C"/>
<VARIABLE  NAME="VARIABLE" LABEL="Variable" LENGTH="32" FORMAT="" TYPE="C"/>
<VARIABLE  NAME="LABEL" LABEL="Label" LENGTH="256" FORMAT="" TYPE="C"/>
<VARIABLE  NAME="LEVEL" LABEL="Measurement Level" LENGTH="32" FORMAT="" TYPE="C"/>
<VARIABLE  NAME="EVENT" LABEL="Target Event" LENGTH="32" FORMAT="" TYPE="C"/>
<VARIABLE  NAME="ORDER" LABEL="Order" LENGTH="10" FORMAT="" TYPE="C"/>
<VARIABLE  NAME="FORMAT" LABEL="Format" LENGTH="32" FORMAT="" TYPE="C"/>
<VARIABLE  NAME="TYPE" LABEL="Type" LENGTH="1" FORMAT="" TYPE="C"/>
<VARIABLE  NAME="COST" LABEL="Cost" LENGTH="32" FORMAT="" TYPE="C"/>
<VARIABLE  NAME="USE" LABEL="Use" LENGTH="1" FORMAT="" TYPE="C"/>
</METADATA>
</DECMETA>
</ATTRITION>
</EMTARGETATTRIBUTES>
</_ROOT_>
